Название светильника,Цена,Ссылка на светильник
Подвесной светильник Ферум Orange,1248руб.,https://www.divan.ru/product/podvesnoj-svetilnik-ferum-orange
Светильник потолочный Ринга Black,998руб.,https://www.divan.ru/product/svetilnik-potolochnyj-ringa-black
Торшер Бьйорк White,2998руб.,https://www.divan.ru/product/torsher-bjork-white
Подвесной светильник Тубули-5 Wood,3248руб.,https://www.divan.ru/product/podvesnoj-svetilnik-tubuli-5-wood
Бра Смастен White,1248руб.,https://www.divan.ru/product/bra-smasten-white
Настольная лампа Арвика Wood,1498руб.,https://www.divan.ru/product/nastolnaya-lampa-arvika-wood
Подвесной светильник Инлада Wood,2498руб.,https://www.divan.ru/product/podvesnoj-svetilnik-inlada-wood
Подвесной светильник Намсен Black,2748руб.,https://www.divan.ru/product/podvesnoj-svetilnik-namsen-black
Торшер Алней-2 White,1748руб.,https://www.divan.ru/product/torsher-alnej-2-white
Люстра Ливсден Brown,4248руб.,https://www.divan.ru/product/lyustra-livsden-brown
Подвесной светильник Гронтри-1 Wood,3498руб.,https://www.divan.ru/product/podvesnoj-svetilnik-grontri-1-wood
Бра Бракетт White,998руб.,https://www.divan.ru/product/bra-brakett-white
Подвесной светильник Отра Wood,4248руб.,https://www.divan.ru/product/podvesnoj-svetilnik-otra-wood
Подвесной светильник Кронор Orange,1998руб.,https://www.divan.ru/product/podvesnoj-svetilnik-kronor-orange
Торшер Алней-2 Black,1748руб.,https://www.divan.ru/product/torsher-alnej-2-black
Светильник потолочный Орхус White,4248руб.,https://www.divan.ru/product/svetilnik-potolochnyj-orhus-white
Подвесной светильник Рена Green,1248руб.,https://www.divan.ru/product/podvesnoj-svetilnik-rena-green
Светильник потолочный Ринга White,998руб.,https://www.divan.ru/product/svetilnik-potolochnyj-ringa-white
Настольная лампа Логмар Black,1623руб.,https://www.divan.ru/product/nastolnaya-lampa-logmar-black
Бра Берит Black,998руб.,https://www.divan.ru/product/bra-berit-black
Подвесной светильник Кронор Black,1998руб.,https://www.divan.ru/product/podvesnoj-svetilnik-kronor-black
Настольная лампа Бьйорк White,998руб.,https://www.divan.ru/product/nastolnaya-lampa-bjork-white
Подвесной светильник Селау-2 Glass,998руб.,https://www.divan.ru/product/podvesnoj-svetilnik-selau-2-glass
Торшер Алней-2 Green,1748руб.,https://www.divan.ru/product/torsher-alnej-2-green
Подвесной светильник Джамби Rattan,3498руб.,https://www.divan.ru/product/podvesnoj-svetilnik-djambi-rattan
Бра Пинна Black,1748руб.,https://www.divan.ru/product/bra-pinna-black
Подвесной светильник Бьйорк White,1998руб.,https://www.divan.ru/product/podvesnoj-svetilnik-bjork-white
Торшер Осло Blue,4498руб.,https://www.divan.ru/product/torsher-oslo-blue
Настольная лампа Чэд Black,998руб.,https://www.divan.ru/product/nastolnaya-lampa-ched-black
Бра Бьйорк White,748руб.,https://www.divan.ru/product/bra-bjork-white
Подвесной светильник Арвика Wood,1998руб.,https://www.divan.ru/product/podvesnoj-svetilnik-arvika-wood
Подвесной светильник Бенфлит Black,1748руб.,https://www.divan.ru/product/podvesnoj-svetilnik-benflit-black
Светильник потолочный Орхус Black,4248руб.,https://www.divan.ru/product/svetilnik-potolochnyj-orhus-black
Торшер Алней-2 Orange,1748руб.,https://www.divan.ru/product/torsher-alnej-2-orange
Настольная лампа Требен Orange,823руб.,https://www.divan.ru/product/nastolnaya-lampa-treben-orange
Подвесной светильник Ливсден Brown,1248руб.,https://www.divan.ru/product/podvesnoj-svetilnik-livsden-brown
Настольная лампа Филикс Black,998руб.,https://www.divan.ru/product/nastolnaya-lampa-filiks-black
Подвесной светильник Бейла Black,1498руб.,https://www.divan.ru/product/podvesnoj-svetilnik-bejla-black
Светильник потолочный Лаго White,2998руб.,https://www.divan.ru/product/svetilnik-potolochnyj-lago-white
Подвесной светильник Чинкве Silver,1498руб.,https://www.divan.ru/product/podvesnoj-svetilnik-chinkve-silver
Торшер Энкель Black,1498руб.,https://www.divan.ru/product/torsher-enkel-black
Люстра Малинг Multi,3748руб.,https://www.divan.ru/product/lyustra-maling-multi
Подвесной светильник Джамби-1 Rattan,1748руб.,https://www.divan.ru/product/podvesnoj-svetilnik-djambi-1-rattan
Подвесной светильник Селау-1 Glass,1248руб.,https://www.divan.ru/product/podvesnoj-svetilnik-selau-1-glass
Подвесной светильник Ферум Black,998руб.,https://www.divan.ru/product/podvesnoj-svetilnik-ferum-black
Бра Смастен Black,1248руб.,https://www.divan.ru/product/bra-smasten-black
Подвесной светильник Кронор White,1998руб.,https://www.divan.ru/product/podvesnoj-svetilnik-kronor-white
Подвесной светильник Тубули Wood,748руб.,https://www.divan.ru/product/podvesnoj-svetilnik-tubuli-wood
